AliasDarteFeautrierGonnord-SAS2010-Fig1.c,true
AliasDarteFeautrierGonnord-SAS2010-cousot9.c,true
AliasDarteFeautrierGonnord-SAS2010-easy1.c,true
AliasDarteFeautrierGonnord-SAS2010-easy2-2.c,true
AliasDarteFeautrierGonnord-SAS2010-loops.c,true
AliasDarteFeautrierGonnord-SAS2010-nestedLoop-1.c,true
AliasDarteFeautrierGonnord-SAS2010-random1d-2.c,true
AliasDarteFeautrierGonnord-SAS2010-random2d.c,true
AliasDarteFeautrierGonnord-SAS2010-speedpldi2.c,true
AliasDarteFeautrierGonnord-SAS2010-speedpldi3.c,true
AliasDarteFeautrierGonnord-SAS2010-speedpldi4.c,true
AliasDarteFeautrierGonnord-SAS2010-wcet2.c,true
AliasDarteFeautrierGonnord-SAS2010-while2.c,true
AliasDarteFeautrierGonnord-SAS2010-wise.c,true
Avery-FLOPS2006-Table1.c,true
BradleyMannaSipma-CAV2005-Fig1-modified.c,false
BradleyMannaSipma-CAV2005-Fig1.c,true
BrockschmidtCookFuhs-CAV2013-Fig1.c,true
BrockschmidtCookFuhs-CAV2013-Fig9a.c,true
BrockschmidtCookFuhs-CAV2013-Introduction.c,true
ChawdharyCookGulwaniSagivYang-ESOP2008-easy1.c,true
ChawdharyCookGulwaniSagivYang-ESOP2008-easy2.c,true
ChawdharyCookGulwaniSagivYang-ESOP2008-random1d.c,true
ChawdharyCookGulwaniSagivYang-ESOP2008-random2d.c,true
ChenCookFuhsNimkarOHearn-TACAS2014-Introduction.c,false
ChenFlurMukhopadhyay-SAS2012-Ex2.20.c,true
ChenFlurMukhopadhyay-SAS2012-Ex3.01.c,true
CookSeeZuleger-TACAS2013-Fig1.c,true
CookSeeZuleger-TACAS2013-Fig7a.c,true
CookSeeZuleger-TACAS2013-Fig7b.c,true
CookSeeZuleger-TACAS2013-Fig8a-modified.c,true
CookSeeZuleger-TACAS2013-Fig8a.c,true
CookSeeZuleger-TACAS2013-Fig8b.c,true
GopanReps-CAV2006-Fig1a.c,true
HarrisLalNoriRajamani-SAS2010-Fig1.c,true
HarrisLalNoriRajamani-SAS2010-Fig3.c,true
HeizmannHoenickeLeikePodelski-ATVA2013-Fig1.c,true
HeizmannHoenickeLeikePodelski-ATVA2013-Fig4.c,true
HeizmannHoenickeLeikePodelski-ATVA2013-Fig5.c,true
HeizmannHoenickeLeikePodelski-ATVA2013-Fig6.c,true
HenzingerJhalaMajumdarSutre-POPL2002-LockingExample.c,false
KroeningSharyginaTsitovichWintersteiger-CAV2010-Ex.c,true
KroeningSharyginaTsitovichWintersteiger-CAV2010-Fig1.c,true
LarrazOliverasRodriguez-CarbonellRubio-FMCAD2013-Fig1.c,true
LeeJonesBen-Amram-POPL2001-Ex4.c,true
LeeJonesBen-Amram-POPL2001-Ex5.c,true
LeikeHeizmann-TACAS2014-Ex1.c,true
LeikeHeizmann-TACAS2014-Ex9.c,true
LeikeHeizmann-WST2014-Ex9.c,true
PodelskiRybalchenko-LICS2004-Fig1.c,true
PodelskiRybalchenko-TACAS2011-Fig1.c,true
PodelskiRybalchenko-TACAS2011-Fig2.c,true
PodelskiRybalchenko-TACAS2011-Fig4.c,true
Urban-WST2013-Fig1.c,false
Urban-WST2013-Fig2-modified1000.c,true
Urban-WST2013-Fig2.c,true
UrbanMine-ESOP2014-Fig3.c,true
Velroyen.c,false
aviad.c,true
cstrcmp.c,true
cstrcspn.c,true
cstrlen.c,true
cstrpbrk.c,true
cstrspn.c,true
genady.c,true
strchr-2.c,true
